RM,Canola_mean,Canola_std,Spring Wheat_mean,Spring Wheat_std,Durum_mean,Durum_std,Oats_mean,Oats_std,Lentils_mean,Lentils_std,Peas_mean,Peas_std,Barley_mean,Barley_std
1,28.31458333333333,7.251919073846808,38.56913043478261,9.937699986801173,29.715999999999998,5.769946273580022,68.70291666666667,21.210231222560793,11.716666666666667,0.5892556509887887,34.99166666666667,9.203350839051323,57.30173913043478,18.607237021256473
2,29.66875,5.456009301678287,38.72826086956522,8.20919919257653,36.761250000000004,12.107829354044707,65.69791666666667,15.301718851777425,18.81964285714286,9.439194682981569,34.09166666666667,9.293425290127875,52.302083333333336,9.806743899266317
3,27.93875,6.955190937584738,37.81875,8.898997653619785,38.88875,8.297462321593326,61.71541666666667,9.990864078558564,15.459217391304348,7.746314780779058,31.004166666666666,7.43051751762353,57.693333333333335,10.757645882233536
4,26.847916666666666,6.624127820631028,34.30458333333333,8.999300445839815,34.32958333333333,10.13034849787537,53.23761904761905,17.791265245833955,21.702794871794875,7.636129098081313,29.90869565217391,6.344497475871819,45.92458333333334,10.585442825826448
5,26.401666666666667,7.65414560401984,31.305000000000003,7.488936767862543,34.202083333333334,9.80892981760328,51.03846153846154,15.160394589276498,19.988107843137257,5.76476642069845,31.75238095238095,6.896783239135406,54.778571428571425,15.952418088087553
6,26.368750000000002,8.58294735659534,30.99416666666667,8.854777102571916,34.37708333333333,11.112688196349042,56.10214285714285,24.107079770369225,17.750534722222223,4.872729538662545,28.233333333333334,8.329396171374619,50.413809523809526,16.287796498050458
7,26.764166666666668,8.25483937992774,32.01045454545454,11.197134190017733,34.44833333333333,10.01095255280399,52.300909090909094,22.09057285565291,19.458861111111112,4.643086607328814,29.045833333333334,8.447226412140912,48.9675,19.8937754084035
8,26.39095238095238,7.5737334946259525,23.825416666666666,5.747866885365741,30.430833333333336,8.034561710762944,48.392380952380954,20.400329140668763,20.452095238095236,4.676150267750952,27.80952380952381,7.6169485203659315,38.04357142857143,14.97424332601862
9,26.68875,10.300647795163176,23.56,5.926778214173363,30.06125,9.801616686746787,45.7515,16.417575074163345,18.42268253968254,6.22342821185147,29.230434782608693,7.6345169986300725,38.00909090909091,11.889865814672136
10,21.172083333333333,8.13012165220854,22.122857142857143,4.296796647337575,27.84875,9.427137198580995,33.69230769230769,8.418576833256076,17.819430555555556,4.930230647640042,24.29090909090909,6.679172253456411,31.46529411764706,7.963742146163966
11,22.120476190476193,10.192001999700786,25.413529411764703,5.177539161098241,30.455833333333334,10.881241903492397,36.40714285714286,14.609768296257462,20.14975,7.136041312837148,27.064999999999998,6.215623354436024,43.184285714285714,18.975827828009024
12,23.02416666666667,9.537243661911269,24.86217391304348,10.508504761954281,28.316666666666666,10.863330287141979,48.020476190476195,19.513500576828974,18.246597222222224,7.193579021088802,24.754166666666666,9.297216935923524,42.52818181818182,21.09824155082116
17,24.87666666666667,9.275794664968965,27.33521739130435,8.64657886605775,29.815,10.04518833549935,56.794666666666664,15.068543330237269,19.147626984126983,8.535774915011258,24.05,11.042093374308902,42.865833333333335,16.056589306105067
18,18.466666666666665,9.672900288951604,27.56458333333333,9.866189070525778,28.77208333333333,10.23310908560888,59.89166666666667,15.507431014409404,16.49810185185185,7.476973397049937,25.504166666666666,10.87675939457779,37.07142857142857,16.991097458879544
19,21.105,12.085533525179404,24.222083333333334,7.422294253986002,28.411666666666665,9.630684957656085,52.19357142857143,25.095489514174535,18.418,7.232778642518148,25.675,11.618248390018778,33.32434782608696,13.974018367243659
31,29.05,7.7155472628464565,37.834583333333335,9.357965209505691,37.03846153846154,13.78831259083446,67.1475,12.324351380763284,22.465740740740742,6.63983460256223,32.8,9.840962628449791,57.92083333333333,14.54784876272737
32,29.291666666666668,6.034864406579249,37.025416666666665,8.601144503806593,31.4,8.25452256990935,69.00260869565217,12.027613765222744,18.9133,6.175475105879167,32.30416666666667,9.23163178221049,56.17958333333333,12.118029140649197
33,30.2325,7.074254761795238,36.55291666666667,9.418623308967819,34.30125,11.282295600707293,66.4825,14.16127427636492,18.490108333333332,8.518349943565246,36.5,8.094012816783827,58.425000000000004,13.993234700786816
34,28.609583333333333,7.068515297747667,36.807916666666664,10.340933848657906,38.83083333333334,10.807216557011566,63.70291666666666,20.56796569576872,21.862514492753622,4.230063240361446,32.175000000000004,5.850771038002637,54.84,14.382881128800909
35,27.040833333333335,8.911622560828448,32.36666666666667,10.222446600141947,34.597500000000004,11.626385377946225,52.045625,22.95553410944733,17.798385416666665,6.889201380829637,29.21666666666667,8.297179545230845,48.95181818181818,17.184510920722058
36,26.42625,7.964279935518614,29.500833333333333,8.367413977249283,34.82041666666667,11.150292052781346,47.817142857142855,16.980766220302648,19.307894736842105,6.638667809478073,31.356521739130436,8.674037860553995,45.61521739130435,11.48822474994019
37,23.53833333333333,7.428050049389269,27.746666666666666,8.498111640198388,30.792083333333334,9.040590582462528,43.1445,11.362603702265465,18.155691666666666,5.229533665956955,28.652173913043477,8.29171928466299,40.81375,11.344931247037156
38,26.868750000000002,7.321428532798061,29.028750000000002,6.315419578818318,32.279583333333335,7.7244622602576625,46.0395,16.631501016223147,19.267992424242422,4.500580692831893,28.445833333333336,6.500098940161147,40.85260869565217,10.810845655843321
39,27.661666666666665,9.313534175627408,28.3145,7.350413862318802,35.81,11.349881056645483,46.981764705882355,14.077340940006266,22.234951388888888,4.687899906671838,31.191666666666666,7.64471494999432,47.13363636363636,18.177526298637623
40,22.29285714285714,8.257293226510212,21.01458333333333,6.580827871249522,26.20625,7.282400949340575,40.2025,23.53666968236675,15.740780303030304,6.437637732514636,23.96666666666667,6.342723778278242,33.12086956521739,9.944912775815435
42,24.494583333333335,10.304678540296178,27.709166666666665,6.314395503902978,30.547083333333333,9.220889082459157,48.538823529411765,14.46764704537029,18.890354166666665,5.614361623583608,27.333333333333332,6.887522850378992,42.147083333333335,11.246506889258768
43,18.98590909090909,6.963074484525945,24.6525,6.733092351118886,25.714583333333334,8.193477246203713,43.68608695652174,14.187883030994644,17.959972222222223,7.166366548934516,24.104166666666668,8.930381907538601,32.56333333333333,17.157722983281158
44,21.474545454545453,9.92642108203332,22.241249999999997,6.7133224538647935,27.00521739130435,7.430125332091841,38.462380952380954,19.4077113294592,15.652743055555556,5.757182536484645,24.02608695652174,9.365614933521659,31.842608695652174,14.983784027890499
45,17.652142857142856,10.110066711011303,23.45130434782609,9.22450457124827,26.351249999999997,10.258273569681927,46.686470588235295,19.26936978120213,15.293215277777778,5.961404375984544,23.8,8.163666734100218,35.51227272727272,16.86469627070201
46,16.786,11.773252736605972,25.177272727272726,11.427697839988504,27.66208333333333,12.873093266718111,38.576,23.14430597247125,16.99063888888889,7.8384384195467245,21.81904761904762,9.821894880704997,35.245,14.977087182633026
49,21.493809523809524,8.458552167002622,30.276666666666664,7.526612341108936,31.5125,10.228941145422713,56.58266666666667,28.927820387664063,20.195033333333335,6.573895758695817,27.441666666666666,9.770404142175964,41.56333333333333,9.756119447129922
51,17.707894736842103,7.239199295001384,23.417916666666667,7.203906536321662,25.987916666666667,7.311001227552582,48.50176470588235,13.823207042549006,14.92727777777778,7.743964294855703,26.12857142857143,10.149144932315375,36.29086956521739,10.81288075022457
61,30.276666666666667,6.812801037092928,40.66833333333333,9.765940666492357,36.910000000000004,13.974854401944787,74.36958333333332,19.0620105876827,22.900895833333333,6.457281560401221,35.26521739130435,9.605472336862425,58.473749999999995,12.664413274485185
63,31.405833333333334,7.856228720585018,41.03125,10.713836365836142,49.808461538461536,16.58504137576682,71.84791666666666,26.124870372745463,25.2595,8.744437530351636,37.61666666666667,8.550955536062046,64.30833333333334,17.075177169280526
64,30.66208333333333,7.003289897188178,36.035000000000004,9.826523999514958,33.81666666666667,7.8095792163363,65.10958333333333,19.22087666624082,26.393666666666668,6.627052206815024,33.4125,5.891062685561696,58.99166666666667,12.834129995976479
65,28.312916666666666,8.245993218931646,31.850416666666664,9.798257377969184,31.492500000000003,8.698327800315365,51.3675,16.14104092597231,19.100033333333332,6.072468796014635,33.02608695652174,7.771346986983329,46.614583333333336,15.1192221387117
66,26.40125,8.495622562084034,32.44583333333333,10.442715337649895,32.18333333333333,9.635217858896903,58.81470588235294,22.349369151512715,17.88509523809524,4.94927148891953,29.830434782608698,8.443310142711088,48.4491304347826,14.53667209415974
67,26.695833333333336,7.573954751628118,30.96375,8.767383632582161,34.35875,9.64173911450491,58.42458333333334,18.904896991351823,20.554937499999998,5.64517771310971,31.3,8.68525396080255,49.75541666666667,15.089911394895502
68,25.22791666666667,7.942360277358508,25.250833333333333,6.676122876840021,29.72083333333333,9.011881488957481,39.95933333333333,16.179372434706867,20.0124,6.327064420371596,22.645,8.596295101593721,43.092608695652174,16.033025920209283
69,25.837083333333336,6.671237079183039,22.674166666666665,4.925836867028759,31.234583333333333,7.597256357835153,39.42791666666667,14.986146060007693,17.691884057971016,4.664321249742015,24.304166666666664,6.492703541311765,29.4575,8.216742319668185
70,26.645,7.458392413335752,26.168260869565216,5.679187403600748,31.024583333333336,7.451489480031123,44.271764705882354,12.443609421754465,21.402652777777778,3.373157321236051,27.620833333333334,6.4196694460931125,35.33409090909091,8.960429761744217
71,27.21291666666667,7.9263086858926926,30.281739130434783,7.802548914631512,30.824583333333333,8.140351439463226,45.62875,15.595875042245414,20.214243055555556,4.549633389960279,29.066666666666666,7.099030348157273,42.86541666666667,13.95612970492105
72,26.49086956521739,10.027669407940248,34.20375,11.276893965095176,34.14875,9.656736919621586,59.821538461538466,21.820243600134965,21.421562499999997,4.7397292544347085,30.462500000000002,8.69526670341274,44.72347826086957,16.041045536287005
73,26.859583333333333,9.238590368273378,31.16333333333333,6.976327467051433,32.30625,8.871252944446338,48.523125,19.103797779063026,20.214333333333332,5.425672122704411,27.770833333333332,9.810618877197461,40.14478260869566,13.65991876375592
74,21.814285714285717,9.55080393026083,27.112916666666667,8.686291788573065,30.25583333333333,10.326893095916736,49.598,20.506570654304927,19.015631944444447,6.812803682719276,26.333333333333332,9.741692856487775,34.805217391304346,15.0797012478139
75,22.469583333333333,10.557034118731357,26.916666666666668,10.707308624066764,28.214583333333334,11.678314715807637,49.45416666666667,22.09211897972878,18.12851388888889,7.474134664002524,26.6125,10.756971955535345,35.88333333333333,15.974814870443023
76,22.16181818181818,12.44359641642607,27.9875,12.235982308073115,27.7825,11.68212095468969,38.29052631578947,18.022243809521182,17.1044375,8.06666945484628,25.566666666666666,11.501518488279359,38.22958333333333,16.47633335085224
77,25.59647058823529,11.323580452520565,26.599090909090908,8.905935371901418,30.24625,11.349481433279138,45.903333333333336,15.728713720267072,17.772875,7.571085152253635,26.316666666666666,10.364683625980422,35.63652173913044,16.01151847000824
78,23.430000000000003,10.491324306982685,28.898000000000003,6.6935983556954195,34.00666666666667,9.505251485210765,54.525,20.79132832056031,19.97204861111111,7.0591592473137466,27.875,8.490058124448955,43.098333333333336,10.643381150688937
79,25.420454545454547,8.195720414758126,28.407083333333333,6.050416068457547,32.18208333333333,9.218116368546122,51.710625,12.877304826062531,18.595545454545455,7.325457265678003,27.84166666666667,8.870170659927117,41.958333333333336,9.888343892054737
91,31.03333333333333,8.411062935809298,42.751666666666665,11.050708679484792,33.5,3.818376618407357,69.02416666666666,16.60393324713642,11.333333333333334,,35.70869565217391,9.823714953828372,60.375416666666666,14.003465403145801
92,32.772083333333335,8.528657052736287,44.10541666666666,9.563762666470746,56.279999999999994,6.689319845843823,69.65608695652173,10.913652308891262,20.88475,9.354857077218508,37.77894736842105,10.450655425876857,64.27916666666667,11.350411184532966
93,31.776666666666667,9.45537329024989,42.47625,9.489326641479654,,,68.39208333333333,16.959864124549714,,,37.339999999999996,9.983007785454465,59.338750000000005,13.89668033943797
94,29.99739130434783,7.980200622558595,36.24708333333333,10.49433324483377,48.71818181818182,14.874260867809072,61.32782608695652,15.4728924123689,,,36.98947368421052,11.678179782865806,56.66090909090909,15.000197112702
95,30.75375,7.67576242495479,39.475,9.129802131290786,40.26541666666667,9.47701795841171,63.78458333333333,11.62535085180384,23.75797777777778,9.821019590505355,34.795833333333334,5.9708333965431795,56.9375,13.669185990839901
96,30.320416666666663,8.398894585219127,36.50083333333333,11.23134198364662,41.0475,11.939373754605972,59.24636363636364,15.924747002686324,20.39922222222222,6.211525503555504,32.791666666666664,8.047085168565381,48.62086956521739,13.22619642742232
97,28.82541666666667,9.004454443154264,31.730833333333333,8.263202304121604,37.5325,12.44529044851208,57.77291666666667,21.14402505368868,19.295777777777776,5.97351290888576,31.941666666666666,10.473358195156793,44.70583333333334,14.59547693984165
98,31.522916666666664,9.66754565281568,38.62833333333334,11.816017377554362,40.354166666666664,12.101144364378777,72.1905,30.35173063218012,20.980506944444446,5.496225788358439,31.281818181818185,9.556281223494357,55.975,15.043912739919618
99,29.723333333333333,12.33868559931894,24.373636363636365,6.821873465240877,35.29958333333334,10.810873945755471,50.501,16.98769520626776,19.764298611111112,5.650209818680964,25.15416666666667,7.7420354118823695,36.93625,14.551964102454706
100,28.79565217391304,10.123090987749004,29.466521739130435,12.354924895358954,34.70291666666667,10.26149767828504,49.08611111111111,22.411117288180325,19.867715277777776,4.129397715052416,26.708333333333332,5.713212502738654,41.95608695652174,12.621641133433709
101,26.278,7.816979225412226,24.10130434782609,5.0656313474843975,31.191666666666666,9.06408616304007,37.844,11.012464899280937,18.58226984126984,4.825109747593596,27.087500000000002,8.296741764876346,34.35583333333333,10.970989776071558
102,29.572083333333335,10.070087422083574,30.07625,10.413500773974391,35.37916666666667,8.94005637404007,44.565,13.440361001333033,19.75715277777778,5.865436644959231,28.266666666666666,6.2565212355601005,51.320869565217386,13.482834175028051
103,27.364166666666666,8.516986054307907,30.649130434782606,8.011643749763374,34.78791666666667,10.060241582010136,46.534166666666664,10.89873258547511,21.1544375,4.564416200959959,28.400000000000002,7.504665215717487,42.87083333333334,12.613796765469932
104,26.80909090909091,11.42731144028405,28.5775,7.000656646219759,31.95375,9.629754528678742,41.864444444444445,11.39240438967024,21.654319444444443,6.155865633120611,27.554166666666664,9.464027048303196,35.4775,9.97765601557888
105,23.407916666666665,9.461295517122315,27.7675,6.6865395287521645,29.844583333333333,9.226187671474896,48.06888888888889,14.987461775014351,18.124736111111112,6.108339262886709,27.150000000000002,10.179390944452424,39.92416666666667,12.037953356550805
106,23.51347826086956,7.504614706780968,27.85875,6.928209701929716,29.297083333333333,8.843292461406612,51.64666666666667,15.584723289170073,17.54965972222222,5.777883800223649,24.929166666666664,9.683041166487111,42.38708333333333,13.288465243002774
107,27.958,11.885208232792646,29.82166666666667,9.222588840858961,34.944583333333334,10.62301602107697,51.18,21.06523953499382,20.163680555555555,5.544000397983589,30.308333333333334,8.921781683374519,49.82125,15.458719310388918
108,25.247500000000002,9.227208937842946,30.820833333333336,8.329007935426993,33.183749999999996,9.938926900565404,50.80166666666667,21.67216137785705,19.256930555555556,6.094174469604746,28.445833333333336,8.221762170508569,45.776250000000005,13.545640342287575
109,25.590833333333332,9.3597635220344,32.275,8.633699393503997,34.02875,9.069928005322817,54.010000000000005,14.689410395852441,22.58371739130435,6.6550266692380475,29.412499999999998,8.637799261788649,49.451249999999995,13.400523777076778
110,20.3975,8.92899890405254,26.449130434782607,8.222722350040149,28.97583333333333,10.855005223665122,40.004,16.44379210971023,18.2449,6.745123784384291,25.794117647058822,10.440454407509959,39.19916666666666,14.735447033441583
111,27.375999999999998,11.086969782017468,29.114583333333332,11.794553267307851,25.51,10.199220558454453,49.392352941176476,29.91942043418701,22.290977777777776,6.627567246779321,33.480000000000004,10.908451576162113,44.65565217391304,16.407989136694397
121,32.009166666666665,10.156878550226836,45.17666666666667,13.435106402927035,34.0,3.8078865529319543,73.27625,17.698986906035046,16.425,4.607979190732336,35.15,15.159450760776958,62.08791666666667,15.694728270059805
122,29.39916666666667,7.290345561480407,40.962916666666665,7.99581383908326,,,66.01260869565218,13.44116039951073,,,41.85,11.447561603532284,54.78208333333333,12.621690777376468
123,30.103333333333335,8.867701857408381,38.8425,10.107396452275841,61.05,10.253048327204938,67.75625000000001,15.452551446141578,19.58888888888889,8.657324024157768,37.19047619047619,8.236498331324102,55.08375,12.130720188126041
124,28.760416666666668,7.6153977195899785,35.729166666666664,8.26369688649602,35.998636363636365,10.751218887910227,62.73,13.17089842104141,19.36561403508772,7.33974736779148,32.32173913043478,7.111319818797169,52.24583333333334,11.391539544258526
125,31.741249999999997,7.917972024341896,39.61625,8.328849710494241,41.4,9.381656014010392,68.82583333333334,11.835908854236628,22.7354,8.382571999595056,35.395833333333336,6.4035641683339914,59.0925,12.396888196500027
126,30.661666666666665,7.425092982387589,38.218333333333334,8.796356294396617,40.382083333333334,9.238127035454129,60.61083333333334,15.02930931233359,18.333973684210527,6.341776217057172,30.520833333333332,7.8798024234040325,54.06625,10.841823131021268
127,30.143333333333334,7.330412329980917,36.33166666666667,9.165191554565789,37.458333333333336,10.012597572304976,63.395833333333336,14.652305032097278,20.175333333333334,5.688908859321076,30.037499999999998,7.371732879871185,55.58208333333334,10.87914477903426
128,33.227916666666665,10.112867816352317,40.55916666666666,12.291772404359744,41.7825,12.507395116837703,80.08333333333333,30.449513843957078,21.138715277777777,5.215195318614857,28.791304347826088,8.116700686826249,62.468333333333334,15.526567040333514
129,31.3575,10.24099445324058,32.34041666666666,8.883537524504264,39.57541666666666,11.24018334183082,56.271875,14.519661712657085,21.313826388888888,5.369595480737936,33.143478260869564,9.706877884308092,50.13863636363636,17.300426720708792
130,31.45375,11.450517289435103,37.001666666666665,10.487555634579767,41.69916666666666,11.00227087890285,48.7075,16.27874666112668,21.76607638888889,5.082949507718653,26.733333333333334,7.9610828773295745,49.56708333333333,13.576676445179851
131,26.83125,10.087461572579144,34.03791666666667,8.719789576223912,34.78666666666667,8.29645585235918,53.55166666666667,14.807537641839469,19.01582638888889,4.143186085703964,29.245833333333334,7.218332889950763,49.24416666666667,11.010231967175555
132,27.562142857142856,10.03149668913746,26.274545454545454,7.844954537045557,31.049500000000002,8.753408644336035,49.9435294117647,15.329292604836857,19.661620370370372,6.269687401336343,25.96,11.377580293425016,42.1321052631579,15.144418325995504
133,26.747142857142858,10.514074920247213,27.18521739130435,6.627472347986083,32.4175,8.565127096191453,52.45133333333333,21.356299795432285,19.65807971014493,4.728827876496375,28.55217391304348,9.668499440085048,40.28611111111111,20.097995550885138
134,25.619583333333335,7.940585061768961,26.22791666666667,7.1820748964933925,30.2775,9.459125913290205,47.101875,14.46751958411208,19.428006944444444,5.127940127187262,25.125,9.395523911162028,38.808749999999996,14.734975048296246
135,26.806956521739128,9.136277058956987,30.61583333333333,8.497222521489604,33.06666666666667,11.182077144938786,39.44388888888889,18.464037904847192,20.079631944444444,5.201999244990065,27.629166666666666,7.5242494449709,42.81791666666667,15.406568045780844
136,25.357727272727274,9.17396260221502,32.67625,9.13768489969352,32.62833333333333,9.803960010325317,49.116,15.506224699921141,19.552666666666667,5.492566233859482,27.733333333333334,7.56839346956439,47.96727272727273,15.29388585640499
137,29.42304347826087,11.307431761610513,33.77708333333333,9.07613233044286,35.471666666666664,11.585837931703953,60.811,31.237151829903514,22.34678472222222,6.2341660442161695,31.8625,10.912450507881195,53.334583333333335,16.476362246027456
138,29.635217391304348,9.788538691925377,34.13875,10.106043526567138,34.89125,11.387904839365087,48.20363636363636,16.87308664156777,23.039863636363638,6.457840541083718,33.9,11.042959590695745,52.701249999999995,17.475790039365886
139,24.9915,10.276578006628267,29.51695652173913,8.687753886300692,31.40625,9.95380190091247,47.99333333333333,19.48363631507145,20.192743055555557,6.673581063243268,28.40833333333333,9.976751961943574,47.34041666666667,17.740788786729926
141,30.002727272727274,18.026747954586313,29.085833333333337,10.466340632326279,27.40125,10.471057549056454,48.15,12.03936724401925,22.968880952380953,10.312728121574999,25.85217391304348,10.579606005948744,35.58470588235294,20.116371789430328
142,21.54611111111111,9.921249410698284,28.45625,9.091135583393978,28.815,9.518924857082474,60.75933333333333,25.086272987053142,19.497833333333332,9.343490375688564,26.84583333333333,9.552690454920866,42.205416666666665,15.493341902155953
151,30.85625,9.418262007352016,39.09166666666667,9.940430690812175,32.41428571428572,4.141169607041677,67.50125,11.7211200357007,21.680625,12.75941395185693,29.9,11.565811687901547,53.2225,12.545831197444933
152,30.767083333333332,9.589698947610248,38.82333333333333,10.882869533140715,28.900000000000002,8.964373932405987,60.9975,15.028116908850789,17.5,3.5355339059327373,33.59473684210526,8.803943162281227,55.59238095238096,13.667496078200243
153,28.22,9.432388696493543,35.604166666666664,12.774640271176759,26.375,3.6228441865473595,67.6725,23.53388422087903,,,33.833333333333336,16.261073150318218,55.17291666666667,17.336789352017632
154,29.81625,8.046340141574493,39.537083333333335,9.111664516081749,32.776923076923076,8.128156191715505,66.67875,15.780626072470332,28.87711111111111,10.566949338617832,34.358333333333334,7.528665027841873,57.65,14.167632737733724
155,31.859166666666667,8.960887435024974,41.91375,10.818782304098654,42.9725,10.058000600862806,72.64416666666666,18.607283267035786,23.53990972222222,8.861518788235411,37.420833333333334,10.432723566475472,62.469166666666666,14.03163225085337
156,35.43541666666667,9.552489308696117,41.83541666666667,11.312770382708388,39.83375,10.896453277178727,68.95333333333333,18.63477946735892,24.438791666666663,7.6535353939975925,36.52916666666666,9.056464381945597,54.34625,14.794064265779031
157,31.73,8.58368928486641,39.197916666666664,12.050008471642942,40.39041666666667,11.884745970165381,58.05130434782609,13.05219706491378,21.315377192982456,8.755140787877831,33.17916666666667,9.915555594802704,56.560833333333335,12.011249407070046
158,31.290000000000003,9.547299640986585,38.08083333333333,10.407402431073704,39.84916666666667,8.315502503400378,62.17100000000001,17.935754617082896,21.948541666666667,6.333795984293478,32.65833333333333,9.027923670318744,55.97541666666667,13.88531973584572
159,34.0875,10.844348658452796,38.91708333333333,10.947338560489072,43.37708333333333,11.78126053607341,70.4845,27.41385329296889,24.250034722222225,6.86821651602953,33.55416666666667,8.568799782358376,53.53,12.289793220038506
160,33.1575,10.409344150914304,40.691250000000004,9.345823206815089,42.29708333333333,10.110980462140995,65.64,17.562415752362302,24.04717361111111,5.531697029203293,34.926086956521736,8.314238465717835,62.57958333333334,15.075727534298498
161,33.18142857142857,10.688386354223116,40.49333333333333,10.041439212049008,41.63916666666667,9.255964430367689,69.99181818181818,27.15225692946419,23.09875,4.697235662039357,31.083333333333332,6.502886761422504,59.61958333333334,13.14399333111539
162,35.53,12.212447031614916,34.81875,10.740685069438985,39.47083333333333,12.844005509817876,52.83615384615385,24.385736793756283,22.083090277777774,5.248579127942011,31.238095238095237,9.157536578713522,49.115,15.740130013984729
163,25.75,10.708927220885489,27.925833333333333,7.422493379654472,32.72952380952381,10.341242418679913,48.623333333333335,20.817547179920965,18.80502380952381,4.768984649763778,21.669999999999998,5.822560478545138,38.50555555555556,17.992889844805926
164,25.14833333333333,6.921883669162012,26.07166666666667,7.565300457648245,28.345416666666665,8.348269791668974,37.07,10.477716971801465,18.401638888888886,6.189543097228662,24.82608695652174,8.70262329265797,30.108333333333334,13.629210088888454
165,24.903478260869566,9.356793646959341,31.243750000000002,7.593623648081043,31.62125,8.12194521169277,46.659230769230774,13.518816800752486,19.146152777777775,4.304253793867287,28.337500000000002,9.32242795861026,41.687916666666666,14.14653528919381
166,27.248333333333335,9.202095539541013,30.184583333333332,8.482767175236829,32.79125,10.09170787997664,49.29,17.14167533624801,18.997736111111113,5.720569306090876,28.5125,9.781318151589216,49.91791666666666,16.5497904831521
167,30.741249999999997,8.022580259600968,32.240833333333335,9.242695313958295,34.757083333333334,10.267245716425085,50.245,17.28915890925506,21.514395833333335,6.145847200242278,30.59166666666667,10.093731014699246,47.87375,13.942506733788553
168,27.41,10.729720203815845,26.348333333333333,8.287704180272735,32.60916666666667,10.171712230993606,46.735652173913046,19.036478576690346,20.87523611111111,6.665554649088997,28.695833333333336,10.048208975891594,46.48166666666666,16.503286541373104
169,29.686666666666664,11.16041949629732,31.845454545454547,9.219052594270776,32.55833333333333,10.70030177009109,51.06428571428571,15.606882463188482,21.588942028985507,7.165393104530008,28.333333333333332,9.820770653664814,39.88652173913044,15.152160244633482
171,22.281176470588235,10.497182289996289,28.479166666666668,9.860742946110875,28.997500000000002,9.77789532345902,42.182352941176475,16.2743431239988,18.819266666666667,7.630590938732662,26.5125,11.055721025392435,41.1775,18.65948837781302
181,33.382083333333334,8.434487680205375,44.077916666666674,8.813445745325554,40.0,0.0,77.53083333333333,13.552909174839522,20.76666666666667,4.520938938858706,40.05882352941177,6.413078319295015,63.09708333333333,14.97105133515045
183,29.79041666666667,7.703902725901007,40.7675,9.714100575966878,38.85,6.425729530566938,64.14291666666666,14.417075467522245,,,33.954166666666666,7.450472944816944,55.51791666666667,13.972107300888302
184,27.180000000000003,7.368043808584295,34.722500000000004,8.82119199773305,30.225,6.5728608687541845,59.36333333333334,14.88847633360217,24.65157142857143,8.768484141503858,28.463636363636365,8.157937732781985,49.995000000000005,12.086634371684394
185,30.642083333333332,9.301579566263799,39.23458333333333,9.904940347982995,36.778125,6.448108992823658,70.18583333333333,19.170453016049983,21.99211403508772,10.930535075803576,34.18333333333333,8.98180124603013,55.53541666666666,14.659867719661424
186,34.02333333333333,10.289335832990286,43.04458333333333,12.607720884672105,45.715,13.60007672612628,76.26565217391305,21.59484720232351,24.948083333333333,8.145524450572793,36.99583333333333,8.997655693068863,66.35416666666667,16.66181938931997
187,33.147083333333335,10.058692316757105,40.68875,13.08736639813872,42.29541666666667,11.913164796602729,70.03157894736842,20.40325171882547,19.371266666666667,6.295672772463361,33.9375,9.715823601778162,58.393750000000004,12.455395482698844
189,31.101249999999997,9.599801769918956,38.319583333333334,9.582328154593686,40.91125,10.902086881398679,58.29142857142857,21.73605513558389,24.403937499999998,5.772387485866373,33.829166666666666,8.366469265527394,55.92041666666666,12.062009883412312
190,24.280833333333334,7.784142697576392,28.891666666666666,7.187211267042414,27.669583333333332,9.062357635063687,43.79916666666667,11.358231995252213,19.334500000000002,6.2088195732162825,29.808333333333334,8.837859108584409,45.01416666666666,13.364243636323549
191,33.53333333333333,11.037112755200722,41.48375,11.243461795735952,46.10958333333334,12.852043477905411,74.1309090909091,19.602645461541893,23.49245833333333,6.673463406022523,33.5625,8.683758578143353,54.86217391304348,12.600885595328661
193,26.828333333333333,9.674826441165067,30.873333333333335,8.431036692491912,31.745416666666667,10.29227104662044,47.29083333333333,17.732110866930128,19.22272222222222,5.177683018378818,26.729166666666668,7.561255886406051,41.30041666666667,14.150114603673762
194,24.5425,10.252716819161304,28.79125,9.087193718300115,31.21083333333333,11.318035978286915,40.26904761904762,14.915528118294004,19.172555555555554,4.874243727704766,26.24090909090909,6.954522960663054,37.62416666666667,13.172538930823396
211,32.88458333333333,8.862203072436417,43.5,9.860354963184639,48.25,11.667261889578034,74.55208333333333,16.63345737261699,21.555555555555557,4.537906190369366,36.458333333333336,9.361016140804681,62.68208333333333,13.675982113740945
213,31.27916666666667,8.368225055512678,40.4375,9.54482889818629,,,73.82000000000001,17.86839205923714,31.802666666666664,4.331723034133699,36.887499999999996,7.394552195631123,55.530833333333334,13.40756597456521
214,30.209999999999997,7.754096813382222,37.107083333333335,9.21721191418612,26.743333333333336,6.533243196657129,65.92916666666666,13.630211621269114,10.9868,5.470454894755605,34.855000000000004,9.452622860739151,53.106249999999996,10.804018098152993
215,30.25,8.657409333261096,36.35,10.340325871578461,28.4,12.472903965529973,72.2375,15.71022216376276,15.226666666666665,6.624875260880179,32.52857142857143,9.042795079904382,54.686521739130434,14.115362877728664
216,29.469583333333333,8.389795809904077,36.3125,9.63301399851844,39.339999999999996,14.067238534979065,73.33791666666666,17.336084001714244,15.555555555555557,8.552669065744807,33.737500000000004,10.317431956350042,54.12,13.57659078676618
217,30.77,9.226104269950563,38.625416666666666,11.464958703794368,41.752941176470586,12.209422470322812,71.04541666666667,17.83488081630724,19.52925,6.396987056381293,30.829166666666666,8.104452837613497,55.53541666666666,11.765706238772982
218,30.36666666666667,9.037625537845592,36.16916666666666,11.565707526118327,39.670869565217394,11.475306655852377,59.249545454545455,13.998399390567322,20.743555555555556,6.394488083831834,31.212500000000002,7.742503386867338,53.120416666666664,13.653704857678
219,28.360833333333332,8.64452121875175,33.80458333333333,9.486987417174284,37.89666666666667,10.065721282031225,57.90826086956521,15.006393683473695,20.899666666666665,6.062634510535278,31.275000000000002,6.2126273934974385,53.42625,12.104896534406876
220,29.8625,8.341831854913654,34.14041666666667,9.362270478601475,37.04291666666666,11.221761265763815,56.719166666666666,16.093815694955264,22.349243055555558,7.066565969849137,33.137499999999996,8.116746644250792,49.78916666666667,11.662294097783178
221,26.38416666666667,9.10355444994912,32.2025,10.311147302587242,33.376666666666665,10.85948820423739,55.46416666666667,15.113424184469585,18.489256944444445,5.950003963376907,31.891666666666666,8.461006038787927,47.490833333333335,15.315348061075337
222,29.98625,10.167308999071912,36.54333333333333,10.850421617400974,39.15708333333333,13.399272686026388,65.36695652173913,23.993054569790246,21.465444444444444,6.132196895673752,34.34166666666667,7.883053737726521,55.3525,16.813653419300277
223,25.392083333333332,9.964239964980278,30.4525,8.69528020400073,31.386666666666667,10.984296564391038,40.06647058823529,16.207106057674388,19.543615942028985,4.89197328821541,29.575,8.44214324734517,39.76833333333334,15.013151529261926
224,28.836250000000003,10.889305009363847,34.54,10.760991421037206,37.823181818181816,12.334130110567811,46.74777777777778,11.973096694023834,20.529797101449276,5.552042152717033,27.208695652173912,8.602373511974802,36.946666666666665,12.625071220921226
225,25.691666666666666,8.356882436529247,31.766666666666666,9.707648112908604,30.484166666666667,9.167723588607013,39.75833333333333,13.663851336037487,19.0289375,5.227211259850003,26.083333333333332,8.423036045980338,42.76708333333334,16.47096852545917
226,26.08608695652174,10.77904563962811,30.85291666666667,9.572591525521851,32.72875,10.057914172431579,47.54750000000001,19.786628609723547,20.179916666666667,5.189755119044845,25.875,8.499271068488884,44.10333333333333,13.92432175123385
228,28.685833333333335,11.938706840126896,30.959166666666665,9.352710798231833,33.18,10.945579612038745,39.68590909090909,19.4793983135519,19.316430555555556,5.6665214927944225,27.28333333333333,9.089012318593051,41.65375,15.312878300562113
229,30.766363636363636,11.319099974928408,30.269583333333333,9.140857860591435,32.305416666666666,10.258393797135176,50.982,25.311502241358287,19.837333333333333,6.790958584943326,29.133333333333336,9.460290769805932,45.07791666666666,13.503660044648978
230,25.744,11.055810284761202,29.55272727272727,11.562758437500227,34.74208333333333,11.27225913052912,34.22727272727273,14.794661260677172,18.382674603174603,7.1191260271336425,25.454166666666666,9.6015387882073,45.177727272727275,17.581053636505892
231,31.214499999999997,9.080337041623164,31.670833333333334,9.025341576899466,33.91625,11.10033090478172,46.362,17.65551144669688,19.936028985507246,7.291239579466733,26.6125,9.478364952559755,46.030454545454546,16.60715264068976
232,27.678260869565218,10.69513553493699,28.31625,9.375663599702296,28.28625,10.102284206834224,48.91857142857143,19.530179351314356,18.415058333333334,9.287095489097286,26.59166666666667,11.61003751133013,42.43772727272727,16.49871537042987
241,29.855416666666667,8.25363370789242,37.905,9.452289347721187,33.00869565217391,8.05221104832694,69.84208333333333,15.11138355222045,15.522222222222224,3.583276597685887,31.1375,9.586576325893093,53.252916666666664,11.817053807460036
243,33.51833333333334,10.168423701818792,41.999583333333334,8.47658179629474,69.3,,78.8125,21.82734508542578,53.97666666666667,,39.24090909090909,14.516809930655239,59.89291666666667,14.085496851654579
244,34.38166666666667,8.480682738444173,42.3075,9.749496419548171,,,71.50916666666667,19.00580298491619,,,35.06,9.664117026130056,58.458333333333336,12.831738052550612
245,29.83375,8.368556476477886,37.04958333333334,9.910533034919558,25.6,3.7815340802378072,70.76875,17.18445488439808,24.99111111111111,14.440150943091254,31.595454545454547,8.55155108585723,53.845416666666665,12.25633996689297
246,28.424583333333334,9.212282906021706,36.168749999999996,8.757639801413639,37.73166666666666,15.953608264799115,72.15166666666667,13.94192759009801,19.5,,33.46521739130435,8.476524196307876,55.47208333333333,12.19308071039247
247,30.013333333333335,8.506831866552737,34.73083333333333,9.797568428005459,36.79,10.973530273647887,68.72875,18.727448655707853,24.973138888888887,8.25930184970938,31.77916666666667,7.363067600718712,53.60333333333333,13.657793337160284
248,28.089166666666667,7.814810307673983,35.305,10.577997673596299,39.029411764705884,12.01933726884943,69.05173913043478,19.521763298751726,20.977770833333334,6.411872511750716,30.816666666666666,7.904190779836857,50.92333333333334,14.025738348902854
250,29.297916666666666,7.930400493843525,34.4,8.312654052184799,37.36521739130435,10.788668242679117,51.73799999999999,15.728609147482993,20.293000000000003,6.331804863807265,32.96666666666666,6.679733571012406,47.052083333333336,11.69464908452344
251,27.844166666666666,8.77563371509142,34.72208333333334,9.641344836360911,33.91458333333333,11.239974848790778,60.23,21.087190424520763,20.598590277777777,5.606467378279997,31.233333333333334,10.418781814240743,50.36708333333333,14.001573352326506
252,27.21875,9.105536448872146,34.074999999999996,9.904207713632758,36.48708333333333,10.419261210213833,60.6515,25.838105127484628,20.7428125,5.947284287342808,33.50909090909091,6.822226217501922,52.33208333333334,15.58786623409003
253,26.225416666666664,8.618641060624585,33.874583333333334,10.119511063616988,35.316250000000004,13.136265372425399,52.69611111111111,24.020979344997794,19.059472222222222,5.977033154510081,28.75909090909091,9.213791892535943,49.39041666666666,16.552433810054396
254,26.344166666666666,9.037282641161106,33.204166666666666,9.912188770997252,34.9,11.788825585937396,51.973333333333336,21.739536389358502,19.747430555555557,5.963610812663708,29.974999999999998,8.010712935758615,43.759166666666665,15.56440250579247
255,30.42,10.278560633457012,31.810000000000002,9.15216106577638,33.52708333333333,10.156136067365411,50.67,22.321387352342892,19.567868055555554,5.798725345730334,30.629166666666666,8.615228133781569,42.29625,12.787806968562569
256,22.53833333333333,9.52767441247574,29.18625,8.564318197945017,30.045833333333334,10.213732834071838,45.33,17.69515941342905,17.495055555555556,5.36853573530286,27.429166666666664,9.300373025088676,36.807916666666664,10.756650916957161
257,28.28,12.283775330232817,31.52125,10.801105544260775,32.16583333333333,12.45699416485327,38.91615384615385,21.268209272080846,18.56640277777778,6.8419855158656695,26.8125,10.850658665641495,44.48708333333334,18.32541273730973
259,30.331304347826087,10.30829291234967,34.84666666666667,11.445769929339061,37.102916666666665,12.669433081296468,54.43111111111111,18.19764575738057,21.38736231884058,6.448559836998016,28.558333333333334,11.14259031108026,47.84166666666667,13.443398466118621
260,29.579473684210527,10.08690816723683,31.795416666666668,9.459043512251473,34.11875,12.410629494772687,58.583333333333336,25.854006781670545,19.546227272727272,8.021848717761346,28.143478260869564,11.444563063543098,48.82086956521739,17.223542533152237
261,30.121052631578944,9.271395612753624,30.511666666666667,10.303151340062511,34.70333333333333,10.86171203843101,35.20666666666667,25.982201119227756,19.27831884057971,7.4951225869371045,27.599999999999998,11.474016013508997,43.619166666666665,13.665552667570564
271,38.335,11.251288235420938,48.68208333333334,13.354659495982037,36.8,,84.27458333333333,20.183802584631128,,,44.925,13.248669247969975,65.71166666666666,19.524137717788932
273,35.1275,9.725991734388389,44.740833333333335,10.861030024284336,37.5,10.606601717798213,79.57291666666667,19.802827307838086,6.316666666666666,,43.523529411764706,10.62647221634282,61.6175,14.881056896196121
274,35.24173913043478,10.614626123751863,40.56583333333334,11.522023869875074,35.0,,74.4375,24.575835471666775,,,37.7875,13.949044172750094,62.054545454545455,17.376846589718095
275,32.004347826086956,8.70664105260877,38.96782608695652,9.761903668911444,31.366666666666664,1.096965511460288,73.24,18.52165145788228,23.442875,10.076506105030761,32.51052631578948,10.461723606495895,59.55434782608695,16.1772657050473
276,29.40291666666667,10.049262780300664,38.29291666666666,11.99218748554265,28.660000000000004,7.781902081111021,74.54416666666667,21.174647456983465,19.168333333333333,19.542074409392217,31.966666666666665,13.567768178051,55.53666666666667,15.469953673707842
277,28.049166666666668,8.070920919743521,34.27708333333333,9.599701752236058,29.733333333333334,0.46188021535170154,67.06416666666667,16.994779484010518,26.912958333333332,3.8476853801632767,31.727272727272727,10.026022418742416,48.76625000000001,14.024458700706635
278,23.01111111111111,6.646887324989878,28.044444444444444,7.184029355297609,20.0,0.0,53.199999999999996,22.374911545448995,,,28.100000000000005,8.524083528450435,41.4375,10.694048745513957
279,27.95,6.442735921473589,34.34285714285714,13.119668985371325,37.518181818181816,16.022160789470203,70.26428571428572,14.804344847835257,15.774583333333332,9.433955546954033,29.985714285714288,6.373726979122624,48.300000000000004,11.482963970093328
280,32.950833333333335,7.514529067177085,38.37583333333333,10.045600774843498,35.50565217391304,11.668012149028703,68.63684210526316,20.46126233008,23.590425925925924,6.7749971604128385,34.175000000000004,7.817219009563328,56.87041666666667,15.579553624003111
281,30.118333333333336,8.331638842214744,37.57541666666666,10.139678829990736,38.370416666666664,11.738919096661798,66.76434782608695,20.489503926309318,21.691413043478263,6.783881522758347,34.74782608695652,9.207056067110967,54.606249999999996,17.181115217258036
282,26.625,8.232979280071518,34.82666666666667,11.517307077561169,34.917391304347824,11.53437322149098,54.34708333333333,16.481197318041914,20.6253125,4.770153605602726,31.349999999999998,8.563420689948817,48.565,13.718294037683684
283,26.76,9.640221447934554,32.32375,10.059097034633572,32.86086956521739,14.290451647879964,58.45363636363636,21.33731775562076,17.661381944444447,6.148978614662183,28.108333333333334,10.098037547902097,42.240833333333335,15.860377186333041
284,29.054999999999996,9.072907112842104,32.43541666666667,9.942184161732126,37.621818181818185,13.681354234126593,55.178636363636365,17.81609018501308,17.89211111111111,4.962796699332443,28.400000000000002,7.885209048537041,47.675000000000004,14.637846123335043
285,26.81833333333333,9.358819447412976,30.01125,8.250751382120615,30.335416666666664,8.489427685511918,51.73833333333334,22.4565659356721,18.0090625,5.702070383974431,28.191666666666666,9.85966383881787,42.95375000000001,13.754257463402569
286,26.645416666666666,10.228000773310518,31.12125,9.733260909622356,33.57416666666666,12.350790475201125,59.4,28.957523751491284,18.245479166666666,6.920301124091192,27.020833333333332,8.80093765590851,41.45291666666667,12.335297701476765
287,28.797272727272727,12.618079690069129,34.745,12.951377297918686,36.225,14.763544407704435,57.972727272727276,18.12015954174195,19.216201388888887,7.715953705909406,28.854166666666668,10.576305723343252,51.474583333333335,19.99876669657551
288,24.806250000000002,11.136188096745084,30.102500000000003,10.641474746603906,31.4825,12.035337191136266,48.39739130434783,27.19332542060331,18.210430555555558,7.207534430540832,29.275000000000002,10.771066315143427,47.13791666666666,17.88894144173425
290,28.91217391304348,9.486934056193354,34.57333333333333,10.277043927319664,35.63041666666667,10.972228769337008,41.357692307692304,20.61375841270669,20.232020833333333,7.529995298725121,30.0,9.467105521568971,50.37875,14.152577062146666
292,24.23478260869565,10.26933558511376,31.141304347826086,12.033724695185844,29.709166666666665,10.355607561655399,38.807647058823534,15.047977243392117,19.66290579710145,6.801872530879162,29.586363636363636,10.314774214667382,42.505,13.732764058835796
301,35.59428571428572,12.499582621603238,45.068260869565215,12.64035156738275,,,79.17157894736842,22.359652467771774,,,40.40625,13.7157558425824,60.63235294117647,20.752642461085458
303,38.2975,11.5916185049896,48.817499999999995,12.201206729343365,30.024285714285718,8.975622275814377,89.00875,27.569083552682393,15.0,,44.852380952380955,19.73095585742412,70.06347826086957,16.32245932023939
304,34.89958333333333,12.07457352894077,44.08625,12.788715070411643,21.7,,88.19541666666667,26.54220232321852,11.083333333333334,,34.13478260869565,10.472544567740933,63.74583333333334,18.325041293426796
305,31.449166666666667,12.894251134472313,38.49333333333333,14.116993049287203,,,78.39954545454545,24.625456529927714,,,34.833333333333336,15.601825844976277,57.568333333333335,20.937919556687547
307,31.40875,8.619727279303286,37.76583333333333,9.814902119898514,37.35,15.501967617047846,72.39375,19.0670648917697,23.557000000000002,11.874476729523705,33.949999999999996,10.935741162930327,53.844166666666666,14.879471974229599
308,32.74208333333333,9.524792353855174,40.70458333333333,11.455822130620124,34.59473684210526,8.97462309231551,79.7375,25.47535010639654,17.756196078431373,6.045365019547371,35.829166666666666,10.694064959701658,58.592083333333335,16.683022346129288
309,35.66375,8.731062394890916,45.03375,13.500433427019711,43.1,,82.9504347826087,27.434679526312358,16.67888888888889,15.263994732218208,40.983333333333334,10.4203257341504,59.72208333333333,17.17633432046564
310,33.604166666666664,8.431971720863947,42.73875,12.403797564525922,37.75,16.057350341821653,70.1895652173913,26.266185395997592,22.270679487179486,9.344639884284016,36.641666666666666,10.105010236712182,56.340833333333336,15.953535226772907
312,30.455416666666668,7.447457096898573,36.57375,9.562291799381661,37.67086956521739,11.231095596619026,65.84166666666667,21.230468807756026,22.447708333333335,5.967080187728959,34.891666666666666,9.313427271216106,55.184583333333336,14.92871379158347
313,27.265833333333333,8.484464532650076,33.77708333333333,9.942467316545715,36.42636363636364,14.36841395146032,57.28473684210527,20.868902534212385,20.92384210526316,7.461808885728782,31.566666666666666,8.871285709801457,48.85208333333333,15.16235669968247
314,29.05,8.09288898811253,39.807916666666664,34.84529697904684,33.344,11.958103900238068,48.78458333333333,16.959285510782344,18.47130303030303,7.687458618431778,35.256521739130434,10.687495926079247,45.91041666666666,12.881387475621617
315,31.920416666666668,11.761242347557125,35.599583333333335,12.250382240413233,46.724444444444444,19.937649128665537,48.660000000000004,24.583712194523386,20.977309523809524,8.131997574104291,31.104166666666668,11.92201030490013,43.2475,17.372650232102078
316,31.110833333333332,10.643199468559079,36.982083333333335,12.672490568556166,36.88166666666667,13.841906021890214,51.25928571428572,21.019055992959455,21.258097222222222,7.442536558358584,32.34166666666667,11.649143154407712,46.930416666666666,17.4007664696669
317,29.37125,9.480996697054863,31.970416666666665,9.257267640436172,31.55541666666667,10.692512609569233,55.35260869565217,18.797014322248895,19.676194444444445,6.891215548852085,29.0,10.607298553764558,46.522083333333335,15.834015662261855
318,31.37826086956522,9.874677740276303,34.854166666666664,11.195386051431173,35.31,12.412516474002818,53.939499999999995,22.090565853704202,20.62288888888889,8.055048658930966,30.608695652173914,10.016210181658632,50.3725,16.810427987723422
319,27.854166666666668,9.62189076450455,34.913333333333334,9.627686374593653,34.89,11.905888933815392,49.06666666666667,13.42013412749664,20.298222222222222,6.567011473266671,29.683333333333334,10.088980931287562,52.46541666666667,16.194671689268304
320,27.47375,10.814137611599394,31.0975,9.598311558946644,33.69166666666667,12.547750765589917,39.36666666666667,24.168812861858047,19.899992424242424,8.038545706161388,28.382608695652173,10.107362400921286,47.29083333333333,14.241338150568593
321,26.075000000000003,9.49031909483233,33.21958333333333,10.011244755672044,33.468333333333334,10.292389196018524,42.234117647058824,17.57018890721708,19.889978260869565,8.295113481743995,28.960869565217394,9.146918961170117,46.60125,13.507496891823022
322,26.4135,8.286267825365302,27.845416666666665,9.583986634946887,31.02130434782609,10.163100504162474,53.36538461538461,17.704394282863138,20.695515151515153,6.985635568974756,26.4375,11.600510046258023,39.50772727272727,14.497120217089483
331,35.4975,8.826760817068687,45.97125,9.249731987891652,,,73.855625,18.680422896265853,29.983333333333334,,42.209090909090904,12.856940113841592,56.14000000000001,16.870703074330432
333,37.314166666666665,10.235447746909275,50.63958333333333,11.763627242725647,42.0,,92.51235294117647,21.023147221994307,,,46.69285714285714,16.70939230519145,71.22541666666667,17.3588501370255
334,35.89791666666667,10.567478403992155,46.88791666666666,12.021060858620862,,,97.64791666666667,25.18311770234466,27.0,,39.23684210526316,11.760584382981984,64.62416666666667,17.872524435852505
335,32.6175,11.157197033851016,40.31666666666667,11.217583118234192,,,84.38833333333334,22.404379359686654,,,37.04375,15.320877640222397,61.66416666666667,19.504450978456546
336,33.705416666666665,11.079317189432656,39.96041666666667,12.636354551079188,,,86.76791666666666,20.278888353712066,,,31.358333333333334,11.361985308251704,63.75458333333333,16.437155413261443
337,32.98583333333333,10.763226813984518,42.15083333333333,15.04661074553124,33.233333333333334,8.182879921489976,84.72583333333334,23.151230771427336,15.185952380952383,6.888773197313231,34.625,14.557449908074112,62.064166666666665,15.718479823793857
338,36.70875,11.346552172164557,47.46041666666667,14.436020612453712,42.3,,95.55166666666668,28.68876051191729,5.0,,35.09583333333333,11.510315946506674,66.60666666666667,18.22613094640117
339,30.931250000000002,9.87048270371555,39.72541666666667,11.707100401843343,28.480434782608693,10.913239864853429,74.74333333333333,19.853579606418734,16.263985507246378,9.672208217507038,35.1,10.866982301808818,57.33041666666667,15.559704221835789
340,30.77208333333333,8.958992072173931,38.195,11.285683119699087,44.126666666666665,20.876660470030938,75.22208333333333,23.056624056056403,21.529,11.125472727534373,34.78333333333333,10.762118211848314,54.974583333333335,16.108611517950013
341,30.13083333333333,9.17479719793241,37.255,11.42634256215987,33.10857142857143,12.731713799160591,67.49916666666667,21.61926172505046,15.360714285714284,7.03211665734718,32.5875,9.794333432720387,51.280833333333334,15.705070052767
342,29.87125,9.24466723482293,37.1725,11.529963705210795,37.12466666666667,15.896495061430846,76.68285714285715,22.36586889500543,22.371587719298244,8.637099310598268,32.24782608695652,10.809249808517004,52.42291666666667,14.998402372649032
343,30.720416666666665,10.058232396861555,37.35208333333333,11.551174598344934,33.141000000000005,12.653642662552905,71.0025,24.813043247803996,22.705666666666666,7.513988797502289,32.81666666666667,10.747160056282883,54.44,14.531828635043178
344,28.21291666666667,8.946697947660168,32.3375,9.610412944120647,29.86208333333333,10.49343272021235,62.92458333333334,21.092389721571774,17.342604166666668,5.409448209560219,31.804166666666664,12.147480653694576,45.84125,14.960708630188323
345,32.04,9.092481844191745,37.593333333333334,11.792650130545262,37.86363636363637,17.592854954627047,67.94863636363635,21.717859294545175,22.691993055555557,7.5935656498732635,33.737500000000004,12.069069792331714,51.5575,17.662337294244274
346,31.281666666666666,10.735925737880054,36.79333333333333,12.00387570262446,35.33291666666667,12.73220513677531,64.29681818181818,16.625053207609415,21.504847222222224,7.402086092551061,34.15,11.741861196072199,54.221666666666664,18.77415306181362
347,30.54875,8.428463840901928,37.39875,10.416757950324671,31.93541666666667,10.585379161501663,52.01695652173913,16.776408607647554,24.057125,8.199464949883742,33.61666666666667,11.237927499888652,49.83625,14.189223961529216
349,29.354166666666668,9.934519929613309,36.630833333333335,11.534640800900437,36.49590909090909,13.94724094889667,56.660666666666664,30.84480842324469,21.337027777777777,7.58890199912576,30.645833333333332,11.05712358093451,46.687083333333334,17.40928574794564
350,28.753333333333334,11.131389876368095,36.95125,13.375629140018212,32.68545454545455,15.190682522448935,57.278571428571425,24.877273489346386,19.988116666666667,6.279626818283119,30.304166666666664,10.281578256730592,47.815,16.784676241195097
351,29.635,7.548320861362943,36.54666666666667,9.699705807581134,35.76,11.026621092940156,72.161,26.893918291179357,20.6999375,8.417735600300956,32.25833333333333,9.793916331144008,52.682500000000005,12.846473124524508
352,28.322916666666668,9.553711538803475,34.06458333333333,11.41282268143911,33.946666666666665,13.031480167744526,52.72826086956522,17.935734177175696,23.767611111111112,7.882007830190552,31.8,11.098730476131863,48.53,13.575747877549235
366,31.019166666666667,9.657972564569178,43.225,10.806398265761858,45.685,20.060619382262356,91.61041666666667,21.072246012059416,10.0,,32.47083333333333,11.376691624494379,61.262499999999996,15.923728602582237
367,33.788333333333334,11.714956871143556,44.23875,13.596436333769995,28.8,,94.22083333333335,26.16642537043734,6.183333333333334,,31.895238095238092,11.730365560820184,63.262499999999996,17.32812046055925
368,35.53041666666667,11.15414427921072,49.80416666666667,16.12921867070864,,,96.23625,30.728458246317075,6.475,0.6717514421272206,34.665217391304346,11.56548975874709,66.78708333333333,19.11320519594552
369,36.29666666666667,11.672068356128872,49.177083333333336,15.551603154929264,60.25,7.424621202458749,102.39458333333333,27.070754953120243,13.75,1.7677669529663689,39.34583333333333,11.438454561417954,70.15916666666666,18.098062090988513
370,34.04875,11.118807925039132,42.927083333333336,12.204490434891673,50.80391304347826,17.74355420456332,87.73166666666667,25.533862199843167,24.66135185185185,16.177399619454633,37.11666666666667,11.682676385838638,64.56750000000001,18.603377030972677
371,30.560000000000002,9.749732660771873,38.88791666666667,11.911278170075942,42.48791666666667,13.089710190157717,74.1675,20.225695935788135,23.478651515151515,6.80531871465847,33.733333333333334,11.104236037252383,59.48833333333334,16.332649527241752
372,27.97,8.550405533225232,34.94166666666667,10.072481955983994,33.111176470588234,9.12157461896858,64.13565217391304,20.838105573048573,20.42457246376812,6.708978965510464,33.108333333333334,10.679680693267235,49.65833333333333,15.08207795240161
373,28.385833333333334,9.161335538041367,35.711666666666666,10.954733607249294,32.5,14.54362894387583,72.31913043478262,27.778720913194018,18.629843137254902,7.7247332265763635,28.513043478260872,10.286942488939609,52.615,16.23209515261287
376,27.02125,9.014185589825965,32.52291666666667,10.292964029592873,31.9,9.498784884695215,52.93304347826087,19.709926764031323,22.309631578947368,9.368886471605697,32.479166666666664,11.409758567985133,50.755,17.70814207228341
377,30.975416666666664,10.677996872548004,39.33708333333333,12.379778560626395,,,53.46476190476191,15.729770379458062,23.4295303030303,9.4934886421993,34.82173913043478,12.244292047604693,54.50125,18.06298889815256
378,28.086249999999996,9.247975953641445,34.089999999999996,10.23601527429752,27.05857142857143,7.8989988237486415,57.819545454545455,19.66369932673202,24.336227272727275,6.182885969900053,33.0625,10.655425745885847,47.125416666666666,12.968603216386025
379,30.947916666666668,11.421346520466832,39.038333333333334,12.981135699851961,39.689473684210526,15.024855508155,59.2555,22.709129273673643,23.27863888888889,7.781866825140289,35.37916666666667,10.541181320098255,54.23083333333333,17.235916725324437
380,32.22625,11.39579854404779,39.91708333333333,13.515285864263232,39.349999999999994,1.4849242404917484,73.33636363636364,32.08947717639765,28.20415476190476,12.098749958291814,35.09583333333333,10.871201652178055,58.529583333333335,19.20060449210698
381,30.64916666666667,10.330453046450941,38.766666666666666,12.824221195665734,33.47666666666667,9.774994381150055,62.87842105263158,23.00688743812694,22.71677777777778,11.004205398800709,32.59583333333333,10.321251995452062,53.1908695652174,18.85231428114174
382,29.907916666666665,9.038830714666902,35.96208333333333,10.805599184306443,29.158125,9.465054476863829,55.99173913043478,16.715021184598633,26.13358823529412,9.592021040752666,35.641666666666666,12.89404704797382,50.78041666666667,15.947390267394214
394,32.93125,7.669800922817501,46.020833333333336,10.704552025095253,,,86.32666666666667,21.770783706343824,,,31.647058823529413,10.170798742420555,59.7304347826087,20.207916198240206
395,32.98916666666667,9.401527589412943,43.06666666666666,11.166152140428158,27.0,6.271629240742259,86.74333333333334,25.110853130221138,,,36.4625,14.407902798238135,61.90291666666667,14.733714511184935
397,33.089166666666664,11.218533933771756,42.307916666666664,10.460681239420003,40.0,,85.92,26.479420885562856,14.8,14.42497833620557,32.06521739130435,12.919668187958873,57.218333333333334,13.196392018989151
398,35.07833333333333,11.31313844383049,45.470416666666665,14.223730165425682,62.5,,93.45625,29.19685552045988,18.75,10.12778996768938,33.8125,11.697949002691251,63.24,19.00463124334835
399,34.483333333333334,13.215124953485375,44.61041666666667,14.59274193598122,26.566666666666666,7.470943715488695,87.55,30.57587966668014,12.741666666666667,3.622978363476964,36.17916666666667,12.230396174274572,60.50125,18.646864362232012
400,33.29291666666666,10.516937262533132,43.125,12.305946247382941,59.87583333333333,10.614426253781676,88.36708333333333,21.992655390452246,8.116666666666667,,35.55833333333333,11.690535624530032,61.356249999999996,15.179438270095906
401,32.982083333333335,9.997101309952264,41.25791666666667,12.341521285681415,63.89625,11.532535265190269,85.18434782608696,23.396232568919558,26.359983333333332,8.659929383586434,38.270833333333336,11.044474485762851,63.973749999999995,15.82903545977949
402,29.955833333333334,9.686640247029015,35.50666666666667,10.499350980631743,30.0,,77.1975,25.955524208856232,18.013208333333335,7.240163454704971,32.583333333333336,10.446787176871204,56.06458333333333,17.199383957412334
403,34.895833333333336,11.398083712573818,44.37041666666667,12.464817087957284,,,86.34666666666668,27.1180125709297,22.710666666666665,11.783444642163031,37.30833333333333,12.660857745057392,64.27625,20.1323794598997
404,35.52875,12.650167660858335,46.62833333333333,15.190660364804442,44.919999999999995,16.065715047890023,87.06588235294117,30.455448211039254,24.670833333333334,13.576492726468492,39.80416666666667,14.82428909261585,66.38166666666666,22.517279290950466
405,30.140833333333333,10.770530210462843,36.76291666666666,12.189320514345715,31.54,17.77661385078722,59.95416666666667,22.499529834057046,19.86517647058824,8.469269059835328,34.145833333333336,13.322389757118646,50.055,17.495228666323754
406,30.772499999999997,9.737220498863023,36.67958333333333,11.762839970290623,34.416666666666664,6.773515089424889,66.17583333333333,23.25764968436363,24.360141025641024,6.446879552330004,32.454166666666666,10.977525624683356,51.80666666666667,16.461720198207054
409,33.839999999999996,10.629387073825912,42.04625,12.878136447854756,43.91857142857143,18.384298036251327,76.27333333333333,26.568890383903582,21.926454545454547,9.05474315255171,33.862500000000004,9.929613701492597,56.10166666666667,17.697976220993198
410,34.74708333333333,11.471662052798763,44.187916666666666,14.734231948872953,28.299999999999997,9.899494936611662,70.47562500000001,26.327916481370117,24.775347222222223,8.149825756474838,37.32083333333333,11.712719921991413,52.25521739130434,14.28925657127353
411,32.043749999999996,9.589445653153396,39.435,11.493526722539915,27.25,18.738329701443508,68.85238095238095,18.841053819986264,15.99611111111111,5.59672779729701,38.804545454545455,11.60260550675815,56.405,15.805283651499199
426,33.24458333333333,10.837930966975549,43.9475,13.721633268864808,,,88.35958333333333,27.565385426869764,10.214666666666666,,33.233333333333334,10.69683845541179,59.21416666666667,14.563528274326293
427,34.404583333333335,11.448216864824756,46.48500000000001,13.75105908964675,50.9,,100.24458333333332,30.407533674513406,14.974722222222221,10.483575535976193,36.52916666666667,12.218463546996215,64.89833333333333,19.148962888630415
428,33.6425,9.328440034553518,43.70250000000001,11.709748539980064,38.7,,97.49083333333333,24.032905506855574,47.25333333333333,,32.887499999999996,11.695086761021743,62.173750000000005,15.62798376728216
429,32.11375,9.894228362601316,42.93208333333333,11.33774265515375,,,93.33869565217391,25.749642946217868,,,32.275,14.961871831280074,60.49375,20.14766311025544
430,31.604166666666668,9.96735144998591,41.49666666666666,11.616351918053187,53.03333333333334,28.993505019802857,87.89541666666666,27.428571263519554,,,34.041666666666664,11.976023752796095,59.24916666666667,18.00361097033077
431,35.22083333333333,10.97588737292746,43.34833333333333,12.941763426199312,40.46666666666667,19.975051105483224,87.5391304347826,28.17171613726393,30.333055555555557,7.705625064775011,38.020833333333336,12.829788000778793,62.517083333333325,18.15332296306793
434,36.103478260869565,11.701684264434157,42.4175,14.572477110307457,26.2,,83.18954545454545,33.86566437548618,29.74127777777778,10.767352160152502,36.804761904761904,16.233683383338363,59.633043478260866,13.624142820336727
435,29.23375,10.007394141333696,36.145833333333336,11.244287792964679,,,67.86916666666667,26.240448849002217,26.06843333333333,12.148556709531027,32.70909090909091,12.417112197474712,51.84916666666667,16.471197500529506
436,31.044166666666666,7.829573211016465,37.808749999999996,10.34796485452259,49.56,,76.42166666666667,27.247498755038,21.9395625,10.373108008377827,33.78333333333333,11.651708837787687,56.6325,16.581583353882078
437,32.678333333333335,10.594633041090301,40.72666666666667,12.056956017411569,,,78.4865,27.752566932011703,21.598655555555556,8.361357987712118,34.55416666666667,10.718329654368265,58.099999999999994,15.391138896187611
438,33.29083333333333,10.203966371472662,41.032916666666665,13.414731188597065,28.766666666666666,7.689386624865903,73.8,33.60524493225011,19.63075,8.19014426446277,34.045833333333334,10.956037809936294,59.24458333333333,17.869897199083074
439,37.17333333333333,12.785376043734894,45.86208333333334,16.327052498754984,,,75.01285714285714,37.199569565039,23.222020833333332,11.336366027166065,39.025,13.121447759464193,62.04549999999999,21.642850886001234
440,35.227916666666665,11.261255231281188,43.64208333333334,14.657594849611659,,,75.18333333333334,17.756383442051938,19.726666666666667,4.591304583424822,37.582608695652176,10.69811589928182,62.58521739130435,14.40531147925061
442,35.67875,10.001137027749698,44.87875,12.72350386267392,,,76.54739130434783,17.286165571291473,,,38.65909090909091,9.262554367986908,59.5575,14.620868424216832
456,33.73791666666667,9.134023818842843,42.21375,11.063071282227742,32.5,31.81980515339464,87.47416666666668,23.52287358899967,16.133333333333333,12.539360253041444,33.86666666666667,10.19751319500587,54.12041666666667,16.03481605462929
457,30.78458333333333,9.555500113941509,41.10875,11.229086188574511,,,90.45,24.183041668653388,19.889875,6.676261129156239,33.82083333333333,10.25246435557417,61.16375,14.822647129807235
458,32.31333333333333,10.441357427439032,43.428333333333335,12.462309321437516,34.95,,91.79083333333334,27.296512743773974,18.683333333333334,,34.8,14.22443480263963,60.78,15.881176443116276
459,31.74208333333333,10.291553302784664,41.03875,12.067216930863625,38.3,,91.55125,24.699078545125133,12.341666666666667,10.8069486391344,36.71304347826087,13.553674588895074,61.87291666666667,19.814932989643392
460,32.529583333333335,9.621097957395357,42.47166666666667,11.645308316961874,50.0,,89.68217391304348,24.639210981412557,33.75,32.668333290818495,36.81,15.947773314297221,62.19083333333333,16.384993377203863
461,32.02166666666667,9.549369961765368,37.501666666666665,10.888412135870851,,,79.87583333333333,25.622573762834282,13.333333333333334,4.714045207910318,35.5625,11.350916932890982,56.94916666666666,16.32451794791761
463,35.262499999999996,11.565095255157631,39.86166666666667,11.606559115119074,30.0,,76.95652173913044,27.364802643458166,21.137666666666668,14.619668403292263,37.32608695652174,11.905354692562971,59.88958333333333,18.37644699518018
464,35.19375,12.897874382508013,45.909166666666664,14.834378378754467,,,94.52166666666666,32.54845119759647,32.20425,10.4737892445327,38.1875,14.655561713234837,58.281666666666666,17.015437662328285
466,30.38083333333333,10.79015449648294,39.318333333333335,11.721549336183326,,,75.88666666666667,21.525687317545835,16.11913636363636,9.702106236625514,34.03333333333333,11.511154011074069,57.94708333333333,17.0802562039553
467,29.75125,10.145729156088075,38.42041666666667,11.402253964502567,,,76.57666666666667,25.318492754552327,20.91251515151515,8.035688562923717,33.766666666666666,10.829334825076893,58.31458333333333,16.879035872725478
468,34.75541666666667,11.127296628275134,44.73208333333333,14.348292423526033,,,82.59416666666667,28.764249386236784,24.7765641025641,10.098041066110955,34.96086956521739,12.415193738847675,60.59916666666667,16.503516072450232
469,36.196666666666665,11.668048822889514,45.07818181818182,16.457642785666664,,,77.54615384615384,33.436148486944866,19.823888888888888,10.972237229244307,34.483333333333334,14.162429585516247,57.86176470588235,22.878102039749194
470,36.00642857142857,9.990351966651748,45.805,6.989923241572608,,,77.75625,14.466435968919823,18.5375,8.168156043327537,38.98461538461539,9.558577836499017,65.405,13.486516161774997
471,35.42916666666667,9.303254183660524,47.07,15.164653123227913,44.373333333333335,11.784911256913787,84.07375,29.05229839182824,18.683333333333334,,39.387499999999996,11.877611840916433,63.63666666666666,15.96106558136873
472,34.003750000000004,10.059392242208705,47.06875,14.55044099510987,,,88.53666666666666,23.645560541745112,8.616666666666667,,38.88333333333333,11.780074062905385,61.75,15.733749104061788
486,31.81041666666667,8.924739664534206,44.70333333333334,10.210651585334865,28.0,,92.24333333333334,24.817787041216807,18.467750000000002,9.21749044615724,34.329166666666666,9.934108093995576,61.818333333333335,13.557937725270715
487,35.14958333333333,8.718805003462677,43.822916666666664,10.294616355445068,20.7,,93.63,21.179400985083515,16.666666666666668,,37.19583333333333,8.583577807127662,64.71458333333334,16.06136303143467
488,31.897916666666664,8.305768021533964,40.775,9.792361264293453,40.01,,93.05833333333334,23.100088964004613,14.866666666666667,,31.21666666666667,8.048476316328003,60.42458333333334,12.330883102183318
490,30.860416666666666,10.886134970752902,40.447916666666664,11.99438273568694,,,89.17136363636364,34.738034636877494,20.97222222222222,4.122779986224685,35.39545454545455,11.495816103208501,57.46,15.604524148882065
491,32.375416666666666,10.695208996135348,42.52,12.498276402907656,,,87.27761904761904,18.92798877450056,30.079566666666665,10.045698444829231,34.58095238095238,10.044332683041667,56.38375,15.173157022246194
493,36.69958333333333,12.373554365861395,46.01541666666666,13.85221406856858,,,100.91416666666667,33.2023641008296,32.81666666666667,,38.391304347826086,11.798417191358503,66.815,18.12383921320444
494,33.2425,11.283230438594913,44.10333333333333,13.020063336073385,49.540000000000006,3.3092597359530447,89.86333333333334,24.46313262791612,26.663444444444448,3.507298427459413,38.52916666666667,10.514440553112067,62.310833333333335,15.509353395729402
496,34.767391304347825,11.029400468908424,48.321666666666665,14.691856563258517,,,98.15583333333332,30.0505832854722,15.5,,35.12083333333333,10.532805033990613,61.803333333333335,15.124541435137411
497,32.05416666666667,11.088892176865322,42.8375,14.612958290503672,,,89.44478260869565,30.798596613477116,,,33.733333333333334,10.251560503339148,58.51624999999999,17.09274186479518
498,32.29304347826087,9.863583819826898,42.77,17.17339459216441,,,89.26173913043478,30.3973417875155,34.344944444444444,6.690282049222451,33.15833333333333,11.543261413394875,58.003750000000004,17.99474242358874
499,35.24125,11.72584485229103,46.723749999999995,15.956023480995722,,,80.54875,29.527673580307972,24.833809523809524,10.035331183258076,39.641666666666666,12.917460938646157,61.70458333333334,17.435478068324212
501,35.28041666666667,10.877238491921785,43.604166666666664,13.900885150630321,,,77.62478260869565,27.688038419893562,34.65133333333333,7.992192245491152,39.80416666666667,11.63964287389798,59.185,18.208979629030146
502,34.614583333333336,9.590366533851729,44.005833333333335,13.29216667543468,30.9,,91.88347826086957,26.518575240882083,19.0,,35.12380952380953,13.078107843335165,58.98041666666666,14.669306162770669
520,31.642916666666668,11.245616529261008,41.91416666666667,12.70515982708931,,,89.89095238095238,27.6480398771345,11.116666666666667,,33.743478260869566,13.712331082475183,58.897083333333335,16.70324714048834
555,34.17176470588235,12.30970563990774,45.965384615384615,21.63547804547915,,,74.84941176470589,25.576125945544472,,,,,47.779,23.750119742388204
561,33.49363636363636,10.563191051704269,44.94608695652174,14.381770259960234,,,77.9945,19.927426082240476,21.083333333333332,17.206265008872656,33.79047619047619,13.260049199075574,56.21304347826087,18.604492965357153
588,31.999583333333334,9.736271261612945,44.59625,12.50802448952011,31.25,14.361406616345072,78.48291666666667,20.325299180463805,20.65952380952381,7.235738573111433,37.920833333333334,9.63399683036777,64.08708333333333,14.686782131701207
622,33.3025,11.868385938391487,48.81625,16.47061013956572,,,79.00041666666667,26.985071795695497,,,38.641666666666666,12.640012826038754,56.91565217391304,15.653868771325556
